{"count":1,"self":58.954719999999995,"total":1333.3554768,"children":{"InitializeActuators":{"count":2,"self":0.0014816999999999999,"total":0.0014816999999999999,"children":null},"InitializeSensors":{"count":2,"self":0.0049315,"total":0.0049315,"children":null},"AgentSendState":{"count":239133,"self":26.595672,"total":37.964085,"children":{"CollectObservations":{"count":95674,"self":0.21821459999999998,"total":0.21821459999999998,"children":null},"WriteActionMask":{"count":95674,"self":0.0500868,"total":0.0500868,"children":null},"RequestDecision":{"count":95674,"self":0.15232189999999998,"total":11.1001113,"children":{"AgentInfo.ToProto":{"count":95674,"self":0.2941239,"total":10.9477894,"children":{"GenerateSensorData":{"count":95674,"self":9.6191528,"total":10.653665499999999,"children":{"RayPerceptionSensor.Perceive":{"count":382696,"self":1.0345123999999999,"total":1.0345123999999999,"children":null}}}}}}}}},"DecideAction":{"count":239133,"self":1233.8368512,"total":1233.8369005,"children":null},"AgentAct":{"count":239133,"self":2.5869106,"total":2.5869106,"children":null},"AgentInfo.ToProto":{"count":28,"self":0,"total":0.0039688,"children":{"GenerateSensorData":{"count":28,"self":0.0029774999999999997,"total":0.0039688,"children":{"RayPerceptionSensor.Perceive":{"count":112,"self":0.00099129999999999986,"total":0.00099129999999999986,"children":null}}}}}},"gauges":{"ShooterAgents.CumulativeReward":{"count":28,"max":-5.73862171,"min":-29.706852,"runningAverage":-13.9398708,"value":-6.201684,"weightedAverage":-9.112849}},"metadata":{"timer_format_version":"0.1.0","start_time_seconds":"1633496720","unity_version":"2020.3.6f1","command_line_arguments":"C:\\MyGitHub\\GR_ml-agents_repo\\ml-agents\\.\/buildData\/GR_ML-Agents_UnityProject.exe --mlagents-port 5006 -logFile C:\\MyGitHub\\GR_ml-agents_repo\\ml-agents\\results\\ShooterAgents_v0_3_0\\run_logs\\Player-1.log","communication_protocol_version":"1.5.0","com.unity.ml-agents_version":"2.0.0-exp.1","scene_name":"ShooterAgents","end_time_seconds":"1633498053"}}