{"count":1,"self":174.9501056,"total":5896.8873453,"children":{"InitializeActuators":{"count":2,"self":0.0014877999999999998,"total":0.0014877999999999998,"children":null},"InitializeSensors":{"count":2,"self":0.0039676,"total":0.0039676,"children":null},"AgentSendState":{"count":718900,"self":69.498476799999992,"total":96.7754939,"children":{"CollectObservations":{"count":287638,"self":0.95884289999999994,"total":0.95884289999999994,"children":null},"WriteActionMask":{"count":287638,"self":0.1356218,"total":0.1356218,"children":null},"RequestDecision":{"count":287638,"self":0.5204304,"total":26.1825509,"children":{"AgentInfo.ToProto":{"count":287638,"self":0.8477015,"total":25.6621205,"children":{"GenerateSensorData":{"count":287638,"self":21.622232,"total":24.814418999999997,"children":{"RayPerceptionSensor.Perceive":{"count":1150552,"self":3.1921868,"total":3.1921866999999997,"children":null}}}}}}}}},"DecideAction":{"count":718900,"self":5617.4149632,"total":5617.415022,"children":null},"AgentAct":{"count":718900,"self":7.7298719999999994,"total":7.7298719999999994,"children":null},"AgentInfo.ToProto":{"count":118,"self":0,"total":0.0084184,"children":{"GenerateSensorData":{"count":118,"self":0.0054411999999999993,"total":0.0084184,"children":{"RayPerceptionSensor.Perceive":{"count":472,"self":0.0029771999999999997,"total":0.0029771999999999997,"children":null}}}}}},"gauges":{"ShooterAgents.CumulativeReward":{"count":118,"max":0.19,"min":0,"runningAverage":0.005098873,"value":0,"weightedAverage":8.07094E-11}},"metadata":{"timer_format_version":"0.1.0","start_time_seconds":"1639442945","unity_version":"2020.3.6f1","command_line_arguments":"C:\\MyGitHub\\GR_ml-agents_repo\\ml-agents\\.\/buildData\/GR_ML-Agents_UnityProject.exe --mlagents-port 5010 -logFile C:\\MyGitHub\\GR_ml-agents_repo\\ml-agents\\results\\ShooterAgents_v0_5_0_B\\run_logs\\Player-5.log","communication_protocol_version":"1.5.0","com.unity.ml-agents_version":"2.0.0-exp.1","scene_name":"ShooterAgents","end_time_seconds":"1639448842"}}