{"count":1,"self":2141.3138432,"total":2153.3076983,"children":{"InitializeActuators":{"count":8,"self":0.0014881999999999999,"total":0.0014881999999999999,"children":null},"InitializeSensors":{"count":8,"self":0.0009272,"total":0.0009272,"children":null},"AgentSendState":{"count":36028,"self":3.9645948,"total":4.0810385999999994,"children":{"CollectObservations":{"count":14416,"self":0.0598835,"total":0.0598835,"children":null},"WriteActionMask":{"count":14416,"self":0.0130275,"total":0.0130275,"children":null},"RequestDecision":{"count":14416,"self":0.043532799999999996,"total":0.043532799999999996,"children":null}}},"DecideAction":{"count":36028,"self":6.8031375999999995,"total":6.9612256,"children":{"RayPerceptionSensor.Perceive":{"count":57664,"self":0.15808819999999998,"total":0.15808819999999998,"children":null}}},"AgentAct":{"count":36028,"self":0.94908419999999993,"total":0.94908419999999993,"children":null}},"gauges":{"ShooterAgents.CumulativeReward":{"count":2,"max":0.5544335,"min":0.2813243,"runningAverage":0.417878926,"value":0.5544335,"weightedAverage":0.3496016}},"metadata":{"timer_format_version":"0.1.0","start_time_seconds":"1637902415","unity_version":"2020.3.6f1","command_line_arguments":"C:\\Program Files\\Unity\\Hub\\Editor\\2020.3.6f1\\Editor\\Unity.exe -projectpath C:\/MyGitHub\/GR_ml-agents_repo\/GR_ML-Agents_UnityProject -useHub -hubIPC -cloudEnvironment production -hubSessionId 84bd3cd0-4e74-11ec-ac89-73c33a6eb419 -accessToken Xfg7d6MCm_WaGdyaKETU6mWgWcEstsi0lUiwnxNWLR800ef","communication_protocol_version":"1.5.0","com.unity.ml-agents_version":"2.0.0-exp.1","scene_name":"ShooterAgents","end_time_seconds":"1637904568"}}