{"count":1,"self":1390.9685247999998,"total":1394.2023070999999,"children":{"InitializeActuators":{"count":10,"self":0.0009905,"total":0.0009905,"children":null},"InitializeSensors":{"count":10,"self":0.00046869999999999995,"total":0.00046869999999999995,"children":null},"AgentSendState":{"count":10201,"self":1.1726751,"total":1.2109090999999998,"children":{"CollectObservations":{"count":4086,"self":0.014972699999999999,"total":0.014972699999999999,"children":null},"WriteActionMask":{"count":4086,"self":0.0044269,"total":0.0044269,"children":null},"RequestDecision":{"count":4086,"self":0.018834399999999998,"total":0.018834399999999998,"children":null}}},"DecideAction":{"count":10201,"self":1.6906632,"total":1.7326800999999998,"children":{"RayPerceptionSensor.Perceive":{"count":16344,"self":0.042016899999999996,"total":0.042016899999999996,"children":null}}},"AgentAct":{"count":10201,"self":0.2887499,"total":0.2887499,"children":null}},"gauges":{"ShooterAgents.CumulativeReward":{"count":16,"max":1.80199981,"min":-1.9409914,"runningAverage":0.0007529822,"value":-1.48999727,"weightedAverage":-0.07805645}},"metadata":{"timer_format_version":"0.1.0","start_time_seconds":"1632104209","unity_version":"2020.3.6f1","command_line_arguments":"C:\\Program Files\\Unity\\Hub\\Editor\\2020.3.6f1\\Editor\\Unity.exe -projectpath C:\/MyGitHub\/GR_ml-agents_repo\/GR_ML-Agents_UnityProject -useHub -hubIPC -cloudEnvironment production -hubSessionId afb9a670-19b4-11ec-b787-97ac37fc0aef -accessToken dGwneTLTu9GePDPKtePem6Qa28q76Jyer78x-_RWrY400ef","communication_protocol_version":"1.5.0","com.unity.ml-agents_version":"2.0.0-exp.1","scene_name":"ShooterAgents","end_time_seconds":"1632105603"}}