{"count":1,"self":689.3489152,"total":1842.8723648999999,"children":{"InitializeActuators":{"count":2,"self":0.0009918,"total":0.0009918,"children":null},"InitializeSensors":{"count":2,"self":0.0004963,"total":0.0004963,"children":null},"AgentSendState":{"count":753784,"self":20.9433984,"total":31.898495099999998,"children":{"CollectObservations":{"count":301516,"self":0.1408655,"total":0.1408655,"children":null},"WriteActionMask":{"count":301516,"self":0.1682275,"total":0.1682275,"children":null},"RequestDecision":{"count":301516,"self":0.88609969999999993,"total":10.646004,"children":{"AgentInfo.ToProto":{"count":301516,"self":0.96809269999999992,"total":9.7599042999999988,"children":{"GenerateSensorData":{"count":301516,"self":7.9951567999999993,"total":8.7918115999999991,"children":{"RayPerceptionSensor.Perceive":{"count":603032,"self":0.7966546,"total":0.7966546,"children":null}}}}}}}}},"DecideAction":{"count":753784,"self":1112.8909824,"total":1112.8909984,"children":null},"AgentAct":{"count":753784,"self":8.7057472,"total":8.7057469999999988,"children":null},"AgentInfo.ToProto":{"count":966,"self":0.0039381,"total":0.026210499999999998,"children":{"GenerateSensorData":{"count":966,"self":0.0188292,"total":0.022272399999999998,"children":{"RayPerceptionSensor.Perceive":{"count":1932,"self":0.0034432,"total":0.0034432,"children":null}}}}}},"gauges":{"ShooterAgents.CumulativeReward":{"count":966,"max":2.0059967,"min":-2.28801823,"runningAverage":-0.165210024,"value":-0.9759999,"weightedAverage":-0.115091071}},"metadata":{"timer_format_version":"0.1.0","start_time_seconds":"1630284162","unity_version":"2020.3.6f1","command_line_arguments":"C:\\Program Files\\Unity\\Hub\\Editor\\2020.3.6f1\\Editor\\Unity.exe -projectpath C:\/MyGitHub\/GR_ml-agents_repo\/GR_ML-Agents_UnityProject -useHub -hubIPC -cloudEnvironment production -hubSessionId b9474400-0928-11ec-8649-57634b220079 -accessToken Jv9O5VN7neuTQoADEv2fearaSt_QG-Gvi0nP3KjW0Bc00ef","communication_protocol_version":"1.5.0","com.unity.ml-agents_version":"2.0.0-exp.1","scene_name":"ShooterAgents","end_time_seconds":"1630286005"}}