{"count":1,"self":15227.0831616,"total":20963.2804827,"children":{"InitializeActuators":{"count":12,"self":0.0009676,"total":0.0009676,"children":null},"InitializeSensors":{"count":12,"self":0.001018,"total":0.001018,"children":null},"AgentSendState":{"count":3496757,"self":464.9906176,"total":597.15685409999992,"children":{"CollectObservations":{"count":1398758,"self":4.7223352,"total":4.7223353,"children":null},"WriteActionMask":{"count":1398758,"self":0.8791201,"total":0.8791201,"children":null},"RequestDecision":{"count":1398758,"self":4.9090808,"total":126.56480069999999,"children":{"AgentInfo.ToProto":{"count":1397848,"self":4.7373984,"total":121.6552237,"children":{"GenerateSensorData":{"count":1397848,"self":102.36706559999999,"total":116.9178252,"children":{"RayPerceptionSensor.Perceive":{"count":5591392,"self":14.550759999999999,"total":14.5507596,"children":null}}}}},"RayPerceptionSensor.Perceive":{"count":200,"self":0.000496,"total":0.000496,"children":null}}}}},"DecideAction":{"count":3496757,"self":5086.0634112,"total":5086.0727400999995,"children":{"RayPerceptionSensor.Perceive":{"count":3440,"self":0.009419799999999999,"total":0.009419799999999999,"children":null}}},"AgentAct":{"count":3496757,"self":52.720048,"total":52.7200492,"children":null},"AgentInfo.ToProto":{"count":2832,"self":0.0089337,"total":0.2450879,"children":{"GenerateSensorData":{"count":2832,"self":0.2093844,"total":0.23615419999999998,"children":{"RayPerceptionSensor.Perceive":{"count":11328,"self":0.0267698,"total":0.0267698,"children":null}}}}}},"gauges":{"ShooterAgents.CumulativeReward":{"count":2842,"max":3.418973,"min":-69.973175,"runningAverage":-1.95537126,"value":-1.37099874,"weightedAverage":0.09385234}},"metadata":{"timer_format_version":"0.1.0","start_time_seconds":"1631496481","unity_version":"2020.3.6f1","command_line_arguments":"C:\\Program Files\\Unity\\Hub\\Editor\\2020.3.6f1\\Editor\\Unity.exe -projectpath C:\/MyGitHub\/GR_ml-agents_repo\/GR_ML-Agents_UnityProject -useHub -hubIPC -cloudEnvironment production -hubSessionId 2d328720-142e-11ec-89a9-1ff755ee620c -accessToken cYdg1ChUMVp1sYaCpJL4SADp08nF18R1gWWYZ7gYmL000ef","communication_protocol_version":"1.5.0","com.unity.ml-agents_version":"2.0.0-exp.1","scene_name":"ShooterAgents","end_time_seconds":"1631517444"}}