{"count":1,"self":217.51610879999998,"total":219.11521539999998,"children":{"InitializeActuators":{"count":4,"self":0.0015163,"total":0.0015163,"children":null},"InitializeSensors":{"count":4,"self":0.0029739,"total":0.0029739,"children":null},"AgentSendState":{"count":4368,"self":0.54300799999999994,"total":0.5882483,"children":{"CollectObservations":{"count":1750,"self":0.011017899999999999,"total":0.011017899999999999,"children":null},"WriteActionMask":{"count":1750,"self":0.0014892999999999998,"total":0.0014892999999999998,"children":null},"RequestDecision":{"count":1750,"self":0.026261,"total":0.0327331,"children":{"RayPerceptionSensor.Perceive":{"count":2628,"self":0.0064721,"total":0.0064721,"children":null}}}}},"DecideAction":{"count":4368,"self":0.88374259999999993,"total":0.89569519999999991,"children":{"RayPerceptionSensor.Perceive":{"count":4372,"self":0.011952599999999999,"total":0.011952599999999999,"children":null}}},"AgentAct":{"count":4368,"self":0.11067189999999999,"total":0.11067189999999999,"children":null}},"gauges":{},"metadata":{"timer_format_version":"0.1.0","start_time_seconds":"1639980629","unity_version":"2020.3.6f1","command_line_arguments":"C:\\Program Files\\Unity\\Hub\\Editor\\2020.3.6f1\\Editor\\Unity.exe -projectpath C:\/MyGitHub\/GR_ml-agents_repo\/GR_ML-Agents_UnityProject -useHub -hubIPC -cloudEnvironment production -hubSessionId fc92fbc0-6128-11ec-9f4d-4b46df067a2d -accessToken lWC2ypGmE361WqA5Yl0gptPTslxZT2AxKKsCTJwXHWA00ef","communication_protocol_version":"1.5.0","com.unity.ml-agents_version":"2.0.0-exp.1","scene_name":"ShooterAgents","end_time_seconds":"1639980848"}}